{
    "loss": 3.088441848754883,
    "accuracy": 0.5258620977401733
}